﻿<?xml version="1.0" encoding="utf-8"?>
<EntityDescriptor ID="_4e7d92f0-94d6-4661-942e-5670ca75aff0" entityID="https://app1.contoso.com/sampapp/" xmlns="urn:oasis:names:tc:SAML:2.0:metadata">
  <RoleDescriptor xsi:type="fed:ApplicationServiceType" xmlns:fed="http://docs.oasis-open.org/wsfed/federation/200706" protocolSupportEnumeration="http://docs.oasis-open.org/wsfed/federation/200706" xmlns:xsi="http://www.w3.org/2001/XMLSchema-instance">
    <fed:TargetScopes>
      <wsa:EndpointReference xmlns:wsa="http://www.w3.org/2005/08/addressing">
        <wsa:Address>https://app1.contoso.com/sampapp/</wsa:Address>
      </wsa:EndpointReference>
      <wsa:EndpointReference xmlns:wsa="http://www.w3.org/2005/08/addressing">
        <wsa:Address>https://app1.contoso.com/sampapp/</wsa:Address>
      </wsa:EndpointReference>
    </fed:TargetScopes>
    <fed:PassiveRequestorEndpoint>
      <wsa:EndpointReference xmlns:wsa="http://www.w3.org/2005/08/addressing">
        <wsa:Address>https://app1.contoso.com/sampapp/</wsa:Address>
      </wsa:EndpointReference>
    </fed:PassiveRequestorEndpoint>
  </RoleDescriptor>
</EntityDescriptor>